{"cameraMode":{"drawMode":0,"name":"Shaded","section":"Shading Mode"},"sceneLighting":false,"audioPlay":false,"sceneViewState":{"showFog":true,"showMaterialUpdate":false,"showSkybox":true,"showFlares":true,"showImageEffects":true,"showParticleSystems":true},"in2DMode":false,"pivot":{"x":1693.568115234375,"y":515.4442138671875,"z":791.739990234375},"rotation":{"x":-0.02724590338766575,"y":-0.06651438027620316,"z":0.0018133566481992603,"w":-0.9974177479743958},"size":1192.3494873046875,"orthographic":false}